{
  "charge": {
    "category": "block",
    "sounds": [
      {
        "name": "draconicevolution:charge",
        "stream": false
      }
    ]
  },
  "discharge": {
    "category": "block",
    "sounds": [
      {
        "name": "draconicevolution:discharge",
        "stream": false
      }
    ]
  },
  "boom": {
    "category": "block",
    "sounds": [
      {
        "name": "draconicevolution:boom",
        "stream": false
      }
    ]
  },
  "beam": {
    "category": "block",
    "sounds": [
      {
        "name": "draconicevolution:beam",
        "stream": false
      }
    ]
  },
  "portal": {
    "category": "player",
    "sounds": [
      {
        "name": "draconicevolution:portal",
        "stream": false
      }
    ]
  },
  "shield_up": {
    "category": "master",
    "sounds": [
      {
        "name": "draconicevolution:shield_up",
        "stream": false
      }
    ]
  },
  "fusion_explosion": {
    "category": "master",
    "sounds": [
      {
        "name": "draconicevolution:fusion_explosion",
        "stream": false
      }
    ]
  },
  "chaos_chamber_ambient": {
    "category": "ambient",
    "sounds": [
      {
        "name": "draconicevolution:chaos_chamber_ambient",
        "stream": true
      }
    ]
  },
  "core_sound": {
    "category": "block",
    "sounds": [
      {
        "name": "draconicevolution:core_sound",
        "stream": false
      }
    ]
  },
  "shield_strike": {
    "category": "player",
    "sounds": [
      {
        "name": "draconicevolution:shield_strike",
        "stream": false
      }
    ]
  },
  "energy_bolt": {
    "category": "block",
    "sounds": [
      {
        "name": "draconicevolution:energy_bolt",
        "stream": false
      }
    ]
  },
  "fusion_complete": {
    "category": "block",
    "sounds": [
      {
        "name": "draconicevolution:fusion_complete",
        "stream": false
      }
    ]
  },
  "fusion_rotation": {
    "category": "block",
    "sounds": [
      {
        "name": "draconicevolution:fusion_rotation",
        "stream": false
      }
    ]
  },
  "electric_buzz": {
    "category": "block",
    "sounds": [
      {
        "name": "draconicevolution:electric_buzz",
        "stream": false
      }
    ]
  },
  "sun_dial_effect": {
    "category": "block",
    "sounds": [
      {
        "name": "draconicevolution:sun_dial_effect",
        "stream": false
      }
    ]
  }
}

