{
    "__comment": "Model generated using MrCrayfish's Model Creator (http://mrcrayfish.com/modelcreator/)",
    "elements": [
        {
            "name": "Cube",
            "from": [ 0.0, 0.0, 0.0 ], 
            "to": [ 16.0, 6.0, 16.0 ], 
            "faces": {
                "north": { "texture": "#sides", "uv": [ 0.0, 0.0, 16.0, 6.0 ] },
                "east": { "texture": "#sides", "uv": [ 0.0, 0.0, 16.0, 6.0 ] },
                "south": { "texture": "#sides", "uv": [ 0.0, 0.0, 16.0, 6.0 ] },
                "west": { "texture": "#sides", "uv": [ 0.0, 0.0, 16.0, 6.0 ] },
                "up": { "texture": "#top", "uv": [ 0.0, 0.0, 16.0, 16.0 ] },
                "down": { "texture": "#bottom", "uv": [ 0.0, 0.0, 16.0, 16.0 ] }
            }
        }
    ]
}