{
    "elements": [
        {
            "name": "core",
            "from": [ 7.0, 1.0, 7.0 ], 
            "to": [ 9.0, 8.0, 9.0 ], 
            "faces": {
                "north": { "texture": "#texture", "uv": [ 13.0, 0.0, 15.0, 7.0 ] },
                "east": { "texture": "#texture", "uv": [ 13.0, 0.0, 15.0, 7.0 ] },
                "south": { "texture": "#texture", "uv": [ 13.0, 0.0, 15.0, 7.0 ] },
                "west": { "texture": "#texture", "uv": [ 13.0, 0.0, 15.0, 7.0 ] },
                "up": { "texture": "#texture", "uv": [ 13.0, 0.0, 15.0, 2.0 ] },
                "down": { "texture": "#texture", "uv": [ 13.0, 0.0, 15.0, 2.0 ] }
            }
        },
        {
            "name": "baseC1",
            "from": [ 1.0, 0.0, 1.0 ], 
            "to": [ 3.0, 1.5000000074505806, 3.0 ], 
            "faces": {
                "north": { "texture": "#texture", "uv": [ 1.0, 13.0, 3.0, 14.50000000745058 ] },
                "east": { "texture": "#texture", "uv": [ 0.0, 13.0, 2.0, 14.50000000745058 ] },
                "south": { "texture": "#texture", "uv": [ 1.0, 13.0, 3.0, 14.50000000745058 ] },
                "west": { "texture": "#texture", "uv": [ 1.0, 14.0, 3.0, 15.50000000745058 ] },
                "up": { "texture": "#texture", "uv": [ 1.0, 13.0, 3.0, 15.0 ] },
                "down": { "texture": "#texture", "uv": [ 0.0, 13.0, 2.0, 15.0 ] }
            }
        },
        {
            "name": "base",
            "from": [ 2.0, 0.10000000149011612, 2.0 ], 
            "to": [ 14.0, 1.0, 14.0 ], 
            "faces": {
                "north": { "texture": "#texture", "uv": [ 12.0, 0.0, 13.0, 12.0 ], "rotation": 90 },
                "east": { "texture": "#texture", "uv": [ 12.0, 0.0, 13.0, 12.0 ], "rotation": 90 },
                "south": { "texture": "#texture", "uv": [ 13.0, 12.0, 12.0, 0.0 ], "rotation": 90 },
                "west": { "texture": "#texture", "uv": [ 12.0, 0.0, 13.0, 11.0 ], "rotation": 90 },
                "up": { "texture": "#texture", "uv": [ 0.0, 0.0, 12.0, 12.0 ] },
                "down": { "texture": "#texture", "uv": [ 0.0, 0.0, 12.0, 12.0 ] }
            }
        },
        {
            "name": "baseC2",
            "from": [ 13.0, 0.0, 1.0 ], 
            "to": [ 15.0, 1.5000000074505806, 3.0 ], 
            "faces": {
                "north": { "texture": "#texture", "uv": [ 1.0, 14.0, 3.0, 15.50000000745058 ] },
                "east": { "texture": "#texture", "uv": [ 1.0, 13.0, 3.0, 14.50000000745058 ] },
                "south": { "texture": "#texture", "uv": [ 1.0, 13.0, 3.0, 14.50000000745058 ] },
                "west": { "texture": "#texture", "uv": [ 1.0, 13.0, 3.0, 14.50000000745058 ] },
                "up": { "texture": "#texture", "uv": [ 1.0, 13.0, 3.0, 15.0 ] },
                "down": { "texture": "#texture", "uv": [ 1.0, 13.0, 3.0, 15.0 ] }
            }
        },
        {
            "name": "baseC3",
            "from": [ 1.0, 0.0, 13.0 ], 
            "to": [ 3.0, 1.5000000074505806, 15.0 ], 
            "faces": {
                "north": { "texture": "#texture", "uv": [ 1.0, 13.0, 3.0, 14.50000000745058 ] },
                "east": { "texture": "#texture", "uv": [ 1.0, 13.0, 3.0, 14.50000000745058 ] },
                "south": { "texture": "#texture", "uv": [ 0.0, 14.0, 2.0, 15.50000000745058 ] },
                "west": { "texture": "#texture", "uv": [ 1.0, 13.0, 3.0, 14.50000000745058 ] },
                "up": { "texture": "#texture", "uv": [ 1.0, 13.0, 3.0, 15.0 ] },
                "down": { "texture": "#texture", "uv": [ 1.0, 13.0, 3.0, 15.0 ] }
            }
        },
        {
            "name": "baseC4",
            "from": [ 13.0, 0.0, 13.0 ], 
            "to": [ 15.0, 1.5000000074505806, 15.0 ], 
            "faces": {
                "north": { "texture": "#texture", "uv": [ 0.0, 13.0, 2.0, 14.50000000745058 ] },
                "east": { "texture": "#texture", "uv": [ 1.0, 14.0, 3.0, 15.50000000745058 ] },
                "south": { "texture": "#texture", "uv": [ 1.0, 13.0, 3.0, 14.50000000745058 ] },
                "west": { "texture": "#texture", "uv": [ 1.0, 14.0, 3.0, 15.50000000745058 ] },
                "up": { "texture": "#texture", "uv": [ 1.0, 13.0, 3.0, 15.0 ] },
                "down": { "texture": "#texture", "uv": [ 1.0, 13.0, 3.0, 15.0 ] }
            }
        },
        {
            "name": "baseC12",
            "from": [ 1.7000000104308128, 1.0, 1.7000000104308128 ], 
            "to": [ 2.700000010430813, 2.5000000074505806, 2.700000010430813 ], 
            "faces": {
                "north": { "texture": "#texture", "uv": [ 9.0, 13.0, 10.0, 14.50000000745058 ] },
                "east": { "texture": "#texture", "uv": [ 9.0, 13.0, 10.0, 14.50000000745058 ] },
                "south": { "texture": "#texture", "uv": [ 10.0, 13.0, 11.0, 14.50000000745058 ] },
                "west": { "texture": "#texture", "uv": [ 10.0, 13.0, 11.0, 14.50000000745058 ] },
                "up": { "texture": "#texture", "uv": [ 10.0, 14.0, 11.0, 15.0 ] },
                "down": { "texture": "#texture", "uv": [ 10.0, 14.0, 11.0, 15.0 ] }
            }
        },
        {
            "name": "baseC22",
            "from": [ 13.300000004470348, 1.0, 1.7000000104308128 ], 
            "to": [ 14.300000004470348, 2.5000000074505806, 2.700000010430813 ], 
            "faces": {
                "north": { "texture": "#texture", "uv": [ 10.0, 13.0, 11.0, 14.50000000745058 ] },
                "east": { "texture": "#texture", "uv": [ 10.0, 13.0, 11.0, 14.50000000745058 ] },
                "south": { "texture": "#texture", "uv": [ 9.0, 12.0, 10.0, 13.50000000745058 ] },
                "west": { "texture": "#texture", "uv": [ 9.0, 13.0, 10.0, 14.50000000745058 ] },
                "up": { "texture": "#texture", "uv": [ 10.0, 13.0, 11.0, 14.0 ] },
                "down": { "texture": "#texture", "uv": [ 10.0, 14.0, 11.0, 15.0 ] }
            }
        },
        {
            "name": "baseC32",
            "from": [ 1.7000000104308128, 1.0, 13.300000004470348 ], 
            "to": [ 2.700000010430813, 2.5000000074505806, 14.300000004470348 ], 
            "faces": {
                "north": { "texture": "#texture", "uv": [ 10.0, 13.0, 11.0, 14.50000000745058 ] },
                "east": { "texture": "#texture", "uv": [ 10.0, 14.0, 11.0, 15.50000000745058 ] },
                "south": { "texture": "#texture", "uv": [ 9.0, 12.0, 10.0, 13.50000000745058 ] },
                "west": { "texture": "#texture", "uv": [ 10.0, 13.0, 11.0, 14.50000000745058 ] },
                "up": { "texture": "#texture", "uv": [ 9.0, 14.0, 10.0, 15.0 ] },
                "down": { "texture": "#texture", "uv": [ 10.0, 15.0, 11.0, 16.0 ] }
            }
        },
        {
            "name": "baseC42",
            "from": [ 13.300000004470348, 1.0, 13.300000004470348 ], 
            "to": [ 14.300000004470348, 2.5000000074505806, 14.300000004470348 ], 
            "faces": {
                "north": { "texture": "#texture", "uv": [ 10.0, 13.0, 11.0, 14.50000000745058 ] },
                "east": { "texture": "#texture", "uv": [ 9.0, 13.0, 10.0, 14.50000000745058 ] },
                "south": { "texture": "#texture", "uv": [ 10.0, 14.0, 11.0, 15.50000000745058 ] },
                "west": { "texture": "#texture", "uv": [ 9.0, 13.0, 10.0, 14.50000000745058 ] },
                "up": { "texture": "#texture", "uv": [ 11.0, 14.0, 12.0, 15.0 ] },
                "down": { "texture": "#texture", "uv": [ 9.0, 13.0, 10.0, 14.0 ] }
            }
        },
        {
            "name": "baseM1",
            "from": [ 6.0, 0.0, 1.4000000059604645 ], 
            "to": [ 10.0, 1.5000000074505806, 4.800000011920929 ], 
            "faces": {
                "north": { "texture": "#texture", "uv": [ 0.0, 13.0, 4.0, 14.50000000745058 ] },
                "east": { "texture": "#texture", "uv": [ 0.0, 13.0, 3.4000000059604645, 14.50000000745058 ] },
                "south": { "texture": "#texture", "uv": [ 0.0, 13.0, 4.0, 14.50000000745058 ] },
                "west": { "texture": "#texture", "uv": [ 0.0, 13.0, 3.4000000059604645, 14.50000000745058 ] },
                "up": { "texture": "#texture", "uv": [ 0.0, 12.0, 4.0, 15.400000005960464 ] },
                "down": { "texture": "#texture", "uv": [ 0.0, 12.0, 4.0, 15.400000005960464 ] }
            }
        },
        {
            "name": "baseM2",
            "from": [ 6.0, 0.0, 11.199999988079071 ], 
            "to": [ 10.0, 1.5000000074505806, 14.599999994039536 ], 
            "faces": {
                "north": { "texture": "#texture", "uv": [ 0.0, 12.0, 4.0, 13.50000000745058 ] },
                "east": { "texture": "#texture", "uv": [ 0.0, 13.0, 3.4000000059604645, 14.50000000745058 ] },
                "south": { "texture": "#texture", "uv": [ 0.0, 13.0, 4.0, 14.50000000745058 ] },
                "west": { "texture": "#texture", "uv": [ 0.0, 13.0, 3.4000000059604645, 14.50000000745058 ] },
                "up": { "texture": "#texture", "uv": [ 0.0, 12.0, 4.0, 15.400000005960464 ] },
                "down": { "texture": "#texture", "uv": [ 0.0, 12.0, 4.0, 15.400000005960464 ] }
            }
        },
        {
            "name": "baseM3",
            "from": [ 11.199999988079071, 0.0, 6.0 ], 
            "to": [ 14.599999994039536, 1.5000000074505806, 10.0 ], 
            "faces": {
                "north": { "texture": "#texture", "uv": [ 0.0, 14.0, 3.4000000059604645, 15.50000000745058 ] },
                "east": { "texture": "#texture", "uv": [ 0.0, 13.0, 4.0, 14.50000000745058 ] },
                "south": { "texture": "#texture", "uv": [ 0.0, 13.0, 3.4000000059604645, 14.50000000745058 ] },
                "west": { "texture": "#texture", "uv": [ 0.0, 14.0, 4.0, 15.50000000745058 ] },
                "up": { "texture": "#texture", "uv": [ 0.0, 12.0, 3.4000000059604645, 16.0 ] },
                "down": { "texture": "#texture", "uv": [ 0.0, 12.0, 3.4000000059604645, 16.0 ] }
            }
        },
        {
            "name": "baseM4",
            "from": [ 1.4000000059604645, 0.0, 6.0 ], 
            "to": [ 4.800000011920929, 1.5000000074505806, 10.0 ], 
            "faces": {
                "north": { "texture": "#texture", "uv": [ 0.0, 13.0, 3.4000000059604645, 14.50000000745058 ] },
                "east": { "texture": "#texture", "uv": [ 0.0, 14.0, 4.0, 15.50000000745058 ] },
                "south": { "texture": "#texture", "uv": [ 0.0, 13.0, 3.4000000059604645, 14.50000000745058 ] },
                "west": { "texture": "#texture", "uv": [ 0.0, 14.0, 4.0, 15.50000000745058 ] },
                "up": { "texture": "#texture", "uv": [ 0.0, 12.0, 3.4000000059604645, 16.0 ] },
                "down": { "texture": "#texture", "uv": [ 0.0, 12.0, 3.4000000059604645, 16.0 ] }
            }
        },
        {
            "name": "baseM12",
            "from": [ 6.700000010430813, 1.0, 1.7000000104308128 ], 
            "to": [ 9.299999989569187, 2.4999999925494194, 4.100000002980233 ], 
            "faces": {
                "north": { "texture": "#texture", "uv": [ 8.0, 13.0, 10.599999979138374, 14.49999999254942 ] },
                "east": { "texture": "#texture", "uv": [ 9.0, 12.0, 11.39999999254942, 13.49999999254942 ] },
                "south": { "texture": "#texture", "uv": [ 8.0, 14.0, 10.599999979138374, 15.49999999254942 ] },
                "west": { "texture": "#texture", "uv": [ 9.0, 13.0, 11.39999999254942, 14.49999999254942 ] },
                "up": { "texture": "#texture", "uv": [ 9.0, 13.0, 11.599999979138374, 15.39999999254942 ] },
                "down": { "texture": "#texture", "uv": [ 9.0, 13.0, 11.599999979138374, 15.39999999254942 ] }
            }
        },
        {
            "name": "baseM22",
            "from": [ 6.700000010430813, 1.0, 11.900000013411045 ], 
            "to": [ 9.299999989569187, 2.4999999925494194, 14.30000001937151 ], 
            "faces": {
                "north": { "texture": "#texture", "uv": [ 9.0, 13.0, 11.599999979138374, 14.49999999254942 ] },
                "east": { "texture": "#texture", "uv": [ 9.0, 13.0, 11.400000005960464, 14.49999999254942 ] },
                "south": { "texture": "#texture", "uv": [ 9.0, 14.0, 11.599999979138374, 15.49999999254942 ] },
                "west": { "texture": "#texture", "uv": [ 9.0, 14.0, 11.400000005960464, 15.49999999254942 ] },
                "up": { "texture": "#texture", "uv": [ 8.0, 12.0, 10.599999979138374, 14.400000005960464 ] },
                "down": { "texture": "#texture", "uv": [ 9.0, 13.0, 11.599999979138374, 15.400000005960464 ] }
            }
        },
        {
            "name": "baseM32",
            "from": [ 11.899999983608723, 1.0, 6.700000010430813 ], 
            "to": [ 14.300000004470348, 2.5000000074505806, 9.299999989569187 ], 
            "faces": {
                "north": { "texture": "#texture", "uv": [ 8.0, 12.0, 10.400000020861626, 13.50000000745058 ] },
                "east": { "texture": "#texture", "uv": [ 9.0, 12.0, 11.599999979138374, 13.50000000745058 ] },
                "south": { "texture": "#texture", "uv": [ 8.0, 14.0, 10.400000020861626, 15.50000000745058 ] },
                "west": { "texture": "#texture", "uv": [ 8.0, 14.0, 10.599999979138374, 15.50000000745058 ] },
                "up": { "texture": "#texture", "uv": [ 9.0, 13.0, 11.400000020861626, 15.599999979138374 ] },
                "down": { "texture": "#texture", "uv": [ 10.0, 13.0, 12.400000020861626, 15.599999979138374 ] }
            }
        },
        {
            "name": "baseM42",
            "from": [ 1.6000000089406967, 1.0, 6.700000010430813 ], 
            "to": [ 4.000000014901161, 2.5000000074505806, 9.300000004470348 ], 
            "faces": {
                "north": { "texture": "#texture", "uv": [ 9.0, 13.0, 11.400000005960464, 14.50000000745058 ] },
                "east": { "texture": "#texture", "uv": [ 8.0, 13.0, 10.599999994039536, 14.50000000745058 ] },
                "south": { "texture": "#texture", "uv": [ 9.0, 13.0, 11.400000005960464, 14.50000000745058 ] },
                "west": { "texture": "#texture", "uv": [ 9.0, 13.0, 11.599999994039536, 14.50000000745058 ] },
                "up": { "texture": "#texture", "uv": [ 8.0, 13.0, 10.400000005960464, 15.599999994039536 ] },
                "down": { "texture": "#texture", "uv": [ 9.0, 13.0, 11.400000005960464, 15.599999994039536 ] }
            }
        },
        {
            "name": "cp1",
            "from": [ 7.100000001490116, 7.5999999940395355, 5.699999995529652 ], 
            "to": [ 8.899999998509884, 8.099999986588955, 7.100000001490116 ], 
            "rotation": { "origin": [ 8.0, 7.799999997019768, 7.0 ], "axis": "x", "angle": 22.5 },
            "faces": {
                "north": { "texture": "#texture", "uv": [ 5.0, 13.0, 6.799999997019768, 13.49999999254942 ] },
                "east": { "texture": "#texture", "uv": [ 6.0, 13.0, 7.4000000059604645, 13.49999999254942 ] },
                "south": { "texture": "#texture", "uv": [ 6.0, 13.0, 7.799999997019768, 13.49999999254942 ] },
                "west": { "texture": "#texture", "uv": [ 6.0, 14.0, 7.4000000059604645, 14.49999999254942 ] },
                "up": { "texture": "#texture", "uv": [ 5.0, 14.0, 6.799999997019768, 15.400000005960464 ] },
                "down": { "texture": "#texture", "uv": [ 5.0, 14.0, 6.799999997019768, 15.400000005960464 ] }
            }
        },
        {
            "name": "cp2",
            "from": [ 7.100000001490116, 7.5999999940395355, 8.899999998509884 ], 
            "to": [ 8.899999998509884, 8.099999986588955, 10.300000004470348 ], 
            "rotation": { "origin": [ 8.0, 7.799999997019768, 9.0 ], "axis": "x", "angle": -22.5 },
            "faces": {
                "north": { "texture": "#texture", "uv": [ 4.0, 13.0, 5.799999997019768, 13.49999999254942 ] },
                "east": { "texture": "#texture", "uv": [ 5.0, 14.0, 6.4000000059604645, 14.49999999254942 ] },
                "south": { "texture": "#texture", "uv": [ 5.0, 15.0, 6.799999997019768, 15.49999999254942 ] },
                "west": { "texture": "#texture", "uv": [ 5.0, 13.0, 6.4000000059604645, 13.49999999254942 ] },
                "up": { "texture": "#texture", "uv": [ 5.0, 13.0, 6.799999997019768, 14.400000005960464 ] },
                "down": { "texture": "#texture", "uv": [ 6.0, 14.0, 7.799999997019768, 15.400000005960464 ] }
            }
        },
        {
            "name": "cp3",
            "from": [ 5.6999999806284904, 7.5999999940395355, 7.100000001490116 ], 
            "to": [ 7.099999974668026, 8.099999986588955, 8.900000013411045 ], 
            "rotation": { "origin": [ 7.0, 7.799999997019768, 8.0 ], "axis": "z", "angle": -22.5 },
            "faces": {
                "north": { "texture": "#texture", "uv": [ 5.0, 12.0, 6.399999994039535, 12.49999999254942 ] },
                "east": { "texture": "#texture", "uv": [ 6.0, 12.0, 7.800000011920929, 12.49999999254942 ] },
                "south": { "texture": "#texture", "uv": [ 5.0, 14.0, 6.399999994039535, 14.49999999254942 ] },
                "west": { "texture": "#texture", "uv": [ 5.0, 14.0, 6.800000011920929, 14.49999999254942 ] },
                "up": { "texture": "#texture", "uv": [ 6.0, 13.0, 7.399999994039535, 14.800000011920929 ] },
                "down": { "texture": "#texture", "uv": [ 6.0, 13.0, 7.399999994039535, 14.800000011920929 ] }
            }
        },
        {
            "name": "cp4",
            "from": [ 8.899999983608723, 7.5999999940395355, 7.100000001490116 ], 
            "to": [ 10.299999977648259, 8.099999986588955, 8.900000013411045 ], 
            "rotation": { "origin": [ 9.0, 7.799999997019768, 8.0 ], "axis": "z", "angle": 22.5 },
            "faces": {
                "north": { "texture": "#texture", "uv": [ 5.0, 13.0, 6.399999994039535, 13.49999999254942 ] },
                "east": { "texture": "#texture", "uv": [ 5.0, 15.0, 6.800000011920929, 15.49999999254942 ] },
                "south": { "texture": "#texture", "uv": [ 5.0, 14.0, 6.399999994039535, 14.49999999254942 ] },
                "west": { "texture": "#texture", "uv": [ 6.0, 15.0, 7.800000011920929, 15.49999999254942 ] },
                "up": { "texture": "#texture", "uv": [ 6.0, 13.0, 7.399999994039535, 14.800000011920929 ] },
                "down": { "texture": "#texture", "uv": [ 6.0, 14.0, 7.399999994039535, 15.800000011920929 ] }
            }
        },
        {
            "name": "core21",
            "from": [ 7.500000007450581, 1.0, 6.500000007450581 ], 
            "to": [ 8.50000000745058, 7.899999998509884, 9.50000000745058 ], 
            "faces": {
                "north": { "texture": "#texture", "uv": [ 13.0, 7.0, 14.0, 13.899999998509884 ] },
                "east": { "texture": "#texture", "uv": [ 13.0, 7.0, 16.0, 13.899999998509884 ] },
                "south": { "texture": "#texture", "uv": [ 13.0, 7.0, 14.0, 13.899999998509884 ] },
                "west": { "texture": "#texture", "uv": [ 13.0, 7.0, 16.0, 13.899999998509884 ] },
                "up": { "texture": "#texture", "uv": [ 14.0, 10.0, 15.0, 13.0 ] },
                "down": { "texture": "#texture", "uv": [ 14.0, 10.0, 15.0, 13.0 ] }
            }
        },
        {
            "name": "core22",
            "from": [ 6.500000007450581, 1.0, 7.500000007450581 ], 
            "to": [ 9.50000000745058, 7.899999998509884, 8.50000000745058 ], 
            "faces": {
                "north": { "texture": "#texture", "uv": [ 13.0, 7.0, 16.0, 13.899999998509884 ] },
                "east": { "texture": "#texture", "uv": [ 14.0, 7.0, 15.0, 13.899999998509884 ] },
                "south": { "texture": "#texture", "uv": [ 13.0, 7.0, 16.0, 13.899999998509884 ] },
                "west": { "texture": "#texture", "uv": [ 15.0, 7.0, 16.0, 13.899999998509884 ] },
                "up": { "texture": "#texture", "uv": [ 13.0, 10.0, 16.0, 11.0 ] },
                "down": { "texture": "#texture", "uv": [ 13.0, 9.0, 16.0, 10.0 ] }
            }
        },
        {
            "name": "m31",
            "from": [ 7.100000016391277, 2.0, 2.1000000163912773 ], 
            "to": [ 8.899999983608723, 2.999999985098839, 3.6999999970197677 ], 
            "faces": {
                "north": { "texture": "#texture", "uv": [ 5.0, 13.0, 6.799999967217445, 13.999999985098839 ] },
                "east": { "texture": "#texture", "uv": [ 5.0, 13.0, 6.599999980628491, 13.999999985098839 ] },
                "south": { "texture": "#texture", "uv": [ 6.0, 13.0, 7.799999967217445, 13.999999985098839 ] },
                "west": { "texture": "#texture", "uv": [ 5.0, 13.0, 6.599999980628491, 13.999999985098839 ] },
                "up": { "texture": "#texture", "uv": [ 6.0, 13.0, 7.799999967217445, 14.59999998062849 ] },
                "down": { "texture": "#texture", "uv": [ 5.0, 13.0, 6.799999967217445, 14.59999998062849 ] }
            }
        },
        {
            "name": "m32",
            "from": [ 7.100000016391277, 2.0, 12.30000001937151 ], 
            "to": [ 8.899999983608723, 2.999999985098839, 14.000000014901161 ], 
            "faces": {
                "north": { "texture": "#texture", "uv": [ 6.0, 14.0, 7.799999967217445, 14.999999985098839 ] },
                "east": { "texture": "#texture", "uv": [ 5.0, 12.0, 6.699999995529652, 12.999999985098839 ] },
                "south": { "texture": "#texture", "uv": [ 5.0, 14.0, 6.799999967217445, 14.999999985098839 ] },
                "west": { "texture": "#texture", "uv": [ 6.0, 14.0, 7.699999995529652, 14.999999985098839 ] },
                "up": { "texture": "#texture", "uv": [ 5.0, 14.0, 6.799999967217445, 15.699999995529652 ] },
                "down": { "texture": "#texture", "uv": [ 5.0, 14.0, 6.799999967217445, 15.699999995529652 ] }
            }
        },
        {
            "name": "m33",
            "from": [ 12.299999989569187, 2.0, 7.100000016391277 ], 
            "to": [ 13.899999998509884, 3.0, 8.899999983608723 ], 
            "faces": {
                "north": { "texture": "#texture", "uv": [ 6.0, 12.0, 7.600000008940697, 13.0 ] },
                "east": { "texture": "#texture", "uv": [ 6.0, 13.0, 7.799999967217445, 14.0 ] },
                "south": { "texture": "#texture", "uv": [ 5.0, 14.0, 6.600000008940697, 15.0 ] },
                "west": { "texture": "#texture", "uv": [ 5.0, 13.0, 6.799999967217445, 14.0 ] },
                "up": { "texture": "#texture", "uv": [ 5.0, 13.0, 6.600000008940697, 14.799999967217445 ] },
                "down": { "texture": "#texture", "uv": [ 6.0, 13.0, 7.600000008940697, 14.799999967217445 ] }
            }
        },
        {
            "name": "m34",
            "from": [ 2.000000014901161, 2.0, 7.100000016391277 ], 
            "to": [ 3.6000000089406967, 3.0, 8.899999998509884 ], 
            "faces": {
                "north": { "texture": "#texture", "uv": [ 4.0, 13.0, 5.5999999940395355, 14.0 ] },
                "east": { "texture": "#texture", "uv": [ 6.0, 15.0, 7.799999982118607, 16.0 ] },
                "south": { "texture": "#texture", "uv": [ 6.0, 13.0, 7.5999999940395355, 14.0 ] },
                "west": { "texture": "#texture", "uv": [ 6.0, 13.0, 7.799999982118607, 14.0 ] },
                "up": { "texture": "#texture", "uv": [ 6.0, 12.0, 7.5999999940395355, 13.799999982118607 ] },
                "down": { "texture": "#texture", "uv": [ 6.0, 14.0, 7.5999999940395355, 15.799999982118607 ] }
            }
        }
    ]
}