{
    "textures": {
        "particle": "draconicevolution:blocks/potentiometer",
        "0": "draconicevolution:blocks/potentiometer"
    },
    "elements": [
        {
            "name": "base",
            "from": [ 1.0, 0.0, 1.0 ], 
            "to": [ 15.0, 1.0, 15.0 ], 
            "faces": {
                "north": { "texture": "#0", "uv": [ 0.0, 2.0, 14.0, 3.0 ] },
                "east": { "texture": "#0", "uv": [ 0.0, 15.0, 14.0, 16.0 ] },
                "south": { "texture": "#0", "uv": [ 0.0, 2.0, 14.0, 3.0 ] },
                "west": { "texture": "#0", "uv": [ 0.0, 15.0, 14.0, 16.0 ] },
                "up": { "texture": "#0", "uv": [ 0.0, 2.0, 14.0, 16.0 ] },
                "down": { "texture": "#0", "uv": [ 0.0, 2.0, 14.0, 16.0 ] }
            }
        },
        {
            "name": "c0",
            "from": [ 7.499999992549419, 1.0, 13.0 ], 
            "to": [ 8.49999999254942, 1.4999999925494194, 14.0 ], 
            "faces": {
                "north": { "texture": "#0", "uv": [ 0.0, 0.0, 1.0, 0.4999999925494194 ] },
                "east": { "texture": "#0", "uv": [ 0.0, 0.0, 1.0, 0.4999999925494194 ] },
                "south": { "texture": "#0", "uv": [ 0.0, 0.0, 1.0, 0.4999999925494194 ] },
                "west": { "texture": "#0", "uv": [ 0.0, 0.0, 1.0, 0.4999999925494194 ] },
                "up": { "texture": "#0", "uv": [ 0.0, 0.0, 1.0, 1.0 ] },
                "down": { "texture": "#0", "uv": [ 0.0, 0.0, 1.0, 1.0 ] }
            }
        },
        {
            "name": "c1",
            "from": [ 7.499999992549419, 1.0, 13.0 ], 
            "to": [ 8.49999999254942, 1.4999999925494194, 14.0 ], 
            "rotation": { "origin": [ 8.0, 8.0, 8.0 ], "axis": "y", "angle": -22.5 },
            "faces": {
                "north": { "texture": "#0", "uv": [ 1.0, 0.0, 2.0, 0.4999999925494194 ] },
                "east": { "texture": "#0", "uv": [ 1.0, 0.0, 2.0, 0.4999999925494194 ] },
                "south": { "texture": "#0", "uv": [ 1.0, 0.0, 2.0, 0.4999999925494194 ] },
                "west": { "texture": "#0", "uv": [ 1.0, 0.0, 2.0, 0.4999999925494194 ] },
                "up": { "texture": "#0", "uv": [ 1.0, 0.0, 2.0, 1.0 ] },
                "down": { "texture": "#0", "uv": [ 1.0, 0.0, 2.0, 1.0 ] }
            }
        },
        {
            "name": "c2",
            "from": [ 7.499999992549419, 1.0, 13.0 ], 
            "to": [ 8.49999999254942, 1.4999999925494194, 14.0 ], 
            "rotation": { "origin": [ 8.0, 8.0, 8.0 ], "axis": "y", "angle": -45.0 },
            "faces": {
                "north": { "texture": "#0", "uv": [ 2.0, 0.0, 3.0, 0.4999999925494194 ] },
                "east": { "texture": "#0", "uv": [ 2.0, 0.0, 3.0, 0.4999999925494194 ] },
                "south": { "texture": "#0", "uv": [ 2.0, 0.0, 3.0, 0.4999999925494194 ] },
                "west": { "texture": "#0", "uv": [ 2.0, 0.0, 3.0, 0.4999999925494194 ] },
                "up": { "texture": "#0", "uv": [ 2.0, 0.0, 3.0, 1.0 ] },
                "down": { "texture": "#0", "uv": [ 2.0, 0.0, 3.0, 1.0 ] }
            }
        },
        {
            "name": "c3",
            "from": [ 1.9999999850988388, 1.0, 7.500000007450581 ], 
            "to": [ 2.999999985098839, 1.4999999925494194, 8.50000000745058 ], 
            "rotation": { "origin": [ 8.0, 8.0, 8.0 ], "axis": "y", "angle": 22.5 },
            "faces": {
                "north": { "texture": "#0", "uv": [ 3.0, 0.0, 4.0, 0.4999999925494194 ] },
                "east": { "texture": "#0", "uv": [ 3.0, 0.0, 4.0, 0.4999999925494194 ] },
                "south": { "texture": "#0", "uv": [ 3.0, 0.0, 4.0, 0.4999999925494194 ] },
                "west": { "texture": "#0", "uv": [ 3.0, 0.0, 4.0, 0.4999999925494194 ] },
                "up": { "texture": "#0", "uv": [ 3.0, 0.0, 4.0, 1.0 ] },
                "down": { "texture": "#0", "uv": [ 3.0, 0.0, 4.0, 1.0 ] }
            }
        },
        {
            "name": "c4",
            "from": [ 1.9999999850988388, 1.0, 7.500000007450581 ], 
            "to": [ 2.999999985098839, 1.4999999925494194, 8.50000000745058 ], 
            "faces": {
                "north": { "texture": "#0", "uv": [ 4.0, 0.0, 5.0, 0.4999999925494194 ] },
                "east": { "texture": "#0", "uv": [ 4.0, 0.0, 5.0, 0.4999999925494194 ] },
                "south": { "texture": "#0", "uv": [ 4.0, 0.0, 5.0, 0.4999999925494194 ] },
                "west": { "texture": "#0", "uv": [ 4.0, 0.0, 5.0, 0.4999999925494194 ] },
                "up": { "texture": "#0", "uv": [ 4.0, 0.0, 5.0, 1.0 ] },
                "down": { "texture": "#0", "uv": [ 4.0, 0.0, 5.0, 1.0 ] }
            }
        },
        {
            "name": "c5",
            "from": [ 1.9999999850988388, 1.0, 7.500000007450581 ], 
            "to": [ 2.999999985098839, 1.4999999925494194, 8.50000000745058 ], 
            "rotation": { "origin": [ 8.0, 8.0, 8.0 ], "axis": "y", "angle": -22.5 },
            "faces": {
                "north": { "texture": "#0", "uv": [ 5.0, 0.0, 6.0, 0.4999999925494194 ] },
                "east": { "texture": "#0", "uv": [ 5.0, 0.0, 6.0, 0.4999999925494194 ] },
                "south": { "texture": "#0", "uv": [ 5.0, 0.0, 6.0, 0.4999999925494194 ] },
                "west": { "texture": "#0", "uv": [ 5.0, 0.0, 6.0, 0.4999999925494194 ] },
                "up": { "texture": "#0", "uv": [ 5.0, 0.0, 6.0, 1.0 ] },
                "down": { "texture": "#0", "uv": [ 5.0, 0.0, 6.0, 1.0 ] }
            }
        },
        {
            "name": "c6",
            "from": [ 1.9999999850988388, 1.0, 7.500000007450581 ], 
            "to": [ 2.999999985098839, 1.4999999925494194, 8.50000000745058 ], 
            "rotation": { "origin": [ 8.0, 8.0, 8.0 ], "axis": "y", "angle": -45.0 },
            "faces": {
                "north": { "texture": "#0", "uv": [ 6.0, 0.0, 7.0, 0.4999999925494194 ] },
                "east": { "texture": "#0", "uv": [ 6.0, 0.0, 7.0, 0.4999999925494194 ] },
                "south": { "texture": "#0", "uv": [ 6.0, 0.0, 7.0, 0.4999999925494194 ] },
                "west": { "texture": "#0", "uv": [ 6.0, 0.0, 7.0, 0.4999999925494194 ] },
                "up": { "texture": "#0", "uv": [ 6.0, 0.0, 7.0, 1.0 ] },
                "down": { "texture": "#0", "uv": [ 6.0, 0.0, 7.0, 1.0 ] }
            }
        },
        {
            "name": "c7",
            "from": [ 7.499999992549419, 1.0, 2.0 ], 
            "to": [ 8.49999999254942, 1.4999999925494194, 3.0 ], 
            "rotation": { "origin": [ 8.0, 8.0, 8.0 ], "axis": "y", "angle": 22.5 },
            "faces": {
                "north": { "texture": "#0", "uv": [ 7.0, 0.0, 8.0, 0.4999999925494194 ] },
                "east": { "texture": "#0", "uv": [ 7.0, 0.0, 8.0, 0.4999999925494194 ] },
                "south": { "texture": "#0", "uv": [ 7.0, 0.0, 8.0, 0.4999999925494194 ] },
                "west": { "texture": "#0", "uv": [ 7.0, 0.0, 8.0, 0.4999999925494194 ] },
                "up": { "texture": "#0", "uv": [ 7.0, 0.0, 8.0, 1.0 ] },
                "down": { "texture": "#0", "uv": [ 7.0, 0.0, 8.0, 1.0 ] }
            }
        },
        {
            "name": "c8",
            "from": [ 7.499999992549419, 1.0, 2.0 ], 
            "to": [ 8.49999999254942, 1.4999999925494194, 3.0 ], 
            "faces": {
                "north": { "texture": "#0", "uv": [ 8.0, 0.0, 9.0, 0.4999999925494194 ] },
                "east": { "texture": "#0", "uv": [ 8.0, 0.0, 9.0, 0.4999999925494194 ] },
                "south": { "texture": "#0", "uv": [ 8.0, 0.0, 9.0, 0.4999999925494194 ] },
                "west": { "texture": "#0", "uv": [ 8.0, 0.0, 9.0, 0.4999999925494194 ] },
                "up": { "texture": "#0", "uv": [ 8.0, 0.0, 9.0, 1.0 ] },
                "down": { "texture": "#0", "uv": [ 8.0, 0.0, 9.0, 1.0 ] }
            }
        },
        {
            "name": "b9",
            "from": [ 7.499999992549419, 1.0, 2.0 ], 
            "to": [ 8.49999999254942, 1.4999999925494194, 3.0 ], 
            "rotation": { "origin": [ 8.0, 8.0, 8.0 ], "axis": "y", "angle": -22.5 },
            "faces": {
                "north": { "texture": "#0", "uv": [ 9.0, 0.0, 10.0, 0.4999999925494194 ] },
                "east": { "texture": "#0", "uv": [ 9.0, 0.0, 10.0, 0.4999999925494194 ] },
                "south": { "texture": "#0", "uv": [ 9.0, 0.0, 10.0, 0.4999999925494194 ] },
                "west": { "texture": "#0", "uv": [ 9.0, 0.0, 10.0, 0.4999999925494194 ] },
                "up": { "texture": "#0", "uv": [ 9.0, 0.0, 10.0, 1.0 ] },
                "down": { "texture": "#0", "uv": [ 9.0, 0.0, 10.0, 1.0 ] }
            }
        },
        {
            "name": "c10",
            "from": [ 7.499999992549419, 1.0, 2.0 ], 
            "to": [ 8.49999999254942, 1.4999999925494194, 3.0 ], 
            "rotation": { "origin": [ 8.0, 8.0, 8.0 ], "axis": "y", "angle": -45.0 },
            "faces": {
                "north": { "texture": "#0", "uv": [ 10.0, 0.0, 11.0, 0.4999999925494194 ] },
                "east": { "texture": "#0", "uv": [ 10.0, 0.0, 11.0, 0.4999999925494194 ] },
                "south": { "texture": "#0", "uv": [ 10.0, 0.0, 11.0, 0.4999999925494194 ] },
                "west": { "texture": "#0", "uv": [ 10.0, 0.0, 11.0, 0.4999999925494194 ] },
                "up": { "texture": "#0", "uv": [ 10.0, 0.0, 11.0, 1.0 ] },
                "down": { "texture": "#0", "uv": [ 10.0, 0.0, 11.0, 1.0 ] }
            }
        },
        {
            "name": "c11",
            "from": [ 12.999999985098839, 1.0, 7.500000007450581 ], 
            "to": [ 13.999999985098839, 1.4999999925494194, 8.50000000745058 ], 
            "rotation": { "origin": [ 8.0, 8.0, 8.0 ], "axis": "y", "angle": 22.5 },
            "faces": {
                "north": { "texture": "#0", "uv": [ 11.0, 0.0, 12.0, 0.4999999925494194 ] },
                "east": { "texture": "#0", "uv": [ 11.0, 0.0, 12.0, 0.4999999925494194 ] },
                "south": { "texture": "#0", "uv": [ 11.0, 0.0, 12.0, 0.4999999925494194 ] },
                "west": { "texture": "#0", "uv": [ 11.0, 0.0, 12.0, 0.4999999925494194 ] },
                "up": { "texture": "#0", "uv": [ 11.0, 0.0, 12.0, 1.0 ] },
                "down": { "texture": "#0", "uv": [ 11.0, 0.0, 12.0, 1.0 ] }
            }
        },
        {
            "name": "c12",
            "from": [ 12.999999985098839, 1.0, 7.500000007450581 ], 
            "to": [ 13.999999985098839, 1.4999999925494194, 8.50000000745058 ], 
            "faces": {
                "north": { "texture": "#0", "uv": [ 12.0, 0.0, 13.0, 0.4999999925494194 ] },
                "east": { "texture": "#0", "uv": [ 12.0, 0.0, 13.0, 0.4999999925494194 ] },
                "south": { "texture": "#0", "uv": [ 12.0, 0.0, 13.0, 0.4999999925494194 ] },
                "west": { "texture": "#0", "uv": [ 12.0, 0.0, 13.0, 0.4999999925494194 ] },
                "up": { "texture": "#0", "uv": [ 12.0, 0.0, 13.0, 1.0 ] },
                "down": { "texture": "#0", "uv": [ 12.0, 0.0, 13.0, 1.0 ] }
            }
        },
        {
            "name": "c13",
            "from": [ 12.999999985098839, 1.0, 7.500000007450581 ], 
            "to": [ 13.999999985098839, 1.4999999925494194, 8.50000000745058 ], 
            "rotation": { "origin": [ 8.0, 8.0, 8.0 ], "axis": "y", "angle": -22.5 },
            "faces": {
                "north": { "texture": "#0", "uv": [ 13.0, 0.0, 14.0, 0.4999999925494194 ] },
                "east": { "texture": "#0", "uv": [ 13.0, 0.0, 14.0, 0.4999999925494194 ] },
                "south": { "texture": "#0", "uv": [ 13.0, 0.0, 14.0, 0.4999999925494194 ] },
                "west": { "texture": "#0", "uv": [ 13.0, 0.0, 14.0, 0.4999999925494194 ] },
                "up": { "texture": "#0", "uv": [ 13.0, 0.0, 14.0, 1.0 ] },
                "down": { "texture": "#0", "uv": [ 13.0, 0.0, 14.0, 1.0 ] }
            }
        },
        {
            "name": "c14",
            "from": [ 12.999999985098839, 1.0, 7.500000007450581 ], 
            "to": [ 13.999999985098839, 1.4999999925494194, 8.50000000745058 ], 
            "rotation": { "origin": [ 8.0, 8.0, 8.0 ], "axis": "y", "angle": -45.0 },
            "faces": {
                "north": { "texture": "#0", "uv": [ 14.0, 0.0, 15.0, 0.4999999925494194 ] },
                "east": { "texture": "#0", "uv": [ 14.0, 0.0, 15.0, 0.4999999925494194 ] },
                "south": { "texture": "#0", "uv": [ 14.0, 0.0, 15.0, 0.4999999925494194 ] },
                "west": { "texture": "#0", "uv": [ 14.0, 0.0, 15.0, 0.4999999925494194 ] },
                "up": { "texture": "#0", "uv": [ 14.0, 0.0, 15.0, 1.0 ] },
                "down": { "texture": "#0", "uv": [ 14.0, 0.0, 15.0, 1.0 ] }
            }
        },
        {
            "name": "c15",
            "from": [ 7.499999977648258, 1.0, 13.0 ], 
            "to": [ 8.499999977648258, 1.4999999925494194, 14.0 ], 
            "rotation": { "origin": [ 8.0, 8.0, 8.0 ], "axis": "y", "angle": 22.5 },
            "faces": {
                "north": { "texture": "#0", "uv": [ 15.0, 0.0, 16.0, 0.4999999925494194 ] },
                "east": { "texture": "#0", "uv": [ 15.0, 0.0, 16.0, 0.4999999925494194 ] },
                "south": { "texture": "#0", "uv": [ 15.0, 0.0, 16.0, 0.4999999925494194 ] },
                "west": { "texture": "#0", "uv": [ 15.0, 0.0, 16.0, 0.4999999925494194 ] },
                "up": { "texture": "#0", "uv": [ 15.0, 0.0, 16.0, 1.0 ] },
                "down": { "texture": "#0", "uv": [ 15.0, 0.0, 16.0, 1.0 ] }
            }
        }
    ]
}