{
  "ccl_marker": 1,
  "variant_sets": ["type"],
  "defaults": {
    "model": "builtin/generated",
    "transform": "ccl:default-item"
  },
  "variants": {
    "type":{
      "magnet_basic": { "textures": { "layer0": "draconicevolution:items/magnet_basic"      } },
      "magnet_advanced":{ "textures": { "layer0": "draconicevolution:items/magnet_advanced" } },
      "creative_exchanger":{ "textures": { "layer0": "draconicevolution:items/block_exchanger" } },
      "crystal_binder":{
        "transform": "ccl:default-tool",
        "textures": { "layer0": "draconicevolution:items/crystal_binder" }
      },
      "dummy": { "textures": { "layer0": "draconicevolution:items/info_tablet"      } }
    }
  }
}