{
  "forge_marker": 1,
  "defaults": {
    "model": "builtin/generated",
    "textures": {
      "layer0": "blocks/dirt"
    },
    "transform": "forge:default-item"
  },
  "variants": {
    "type":{
      "wyvernhelm": { "textures": { "layer0": "draconicevolution:items/armor/wyvern_helmet"  } },
      "wyvernchest":{ "textures": { "layer0": "draconicevolution:items/armor/wyvern_chestplate" } },
      "wyvernlegs": { "textures": { "layer0": "draconicevolution:items/armor/wyvern_leggings"  } },
      "wyvernboots":  { "textures": { "layer0": "draconicevolution:items/armor/wyvern_boots"   } },
      "draconichelm":    { "textures": { "layer0": "draconicevolution:items/armor/draconic_helmet"     } },
      "draconicchest":  { "textures": { "layer0": "draconicevolution:items/armor/draconic_chestplate"   } },
      "draconiclegs":   { "textures": { "layer0": "draconicevolution:items/armor/draconic_leggings"    } },
      "draconicboots":  { "textures": { "layer0": "draconicevolution:items/armor/draconic_boots"   } }
    }
  }
}