{
  "forge_marker": 1,
  "defaults": {
    "textures": {
      "all": "draconicevolution:blocks/animated/dislocator_receptacle_inactive",
      "particle": "draconicevolution:blocks/animated/dislocator_receptacle_inactive"
    },
    "model": "minecraft:cube_all",
    "transform": "forge:default-block"
  },
  "variants": {
    "active=false,camo=false":[{}],
    "active=true,camo=false":[{
      "textures": {
        "all": "draconicevolution:blocks/animated/dislocator_receptacle_active"
      }
    }],
    "active=false,camo=true":[{
      "textures": {
        "all": "draconicevolution:blocks/animated/infused_obsidian"
      }
    }],
    "active=true,camo=true":[{
      "textures": {
        "all": "draconicevolution:blocks/animated/infused_obsidian"
      }
    }],
    "normal": [{}]
  }
}