{
  "forge_marker": 1,
  "defaults": {
    "model": "minecraft:cube",
    "textures": {
      "particle": "draconicevolution:blocks/machine_side",
      "down": "draconicevolution:blocks/machine_side",
      "up": "draconicevolution:blocks/machine_top",
      "north": "draconicevolution:blocks/generator_front",
      "south": "draconicevolution:blocks/machine_fan",
      "east": "draconicevolution:blocks/machine_side",
      "west": "draconicevolution:blocks/machine_side"
    },
    "transform": "forge:default-block"
  },
  "variants": {
    "active": {
      "true": {
        "textures": {
          "north": "draconicevolution:blocks/animated/generator_front_active",
          "south": "draconicevolution:blocks/animated/machine_fan_active"
        }
      },
      "false": {}
    },
    "facing": {
      "north": {},
      "south": {"y": 180},
      "west": {"y": 270},
      "east": {"y": 90}
    },
    "normal": [
      {
        "textures": {
          "north": "draconicevolution:blocks/animated/generator_front_active",
          "south": "draconicevolution:blocks/animated/machine_fan_active"
        }
      }
    ]
  }
}